{
 "revisionRefs":[{
  "artifactId":"aQute.xray.plugin","baseline":"1.7.0","bsn":"aQute.xray.plugin","created":1395667046389,"description":"A plugin for the Apache Felix Webconsole. When installed, this bundle will add a tab on the Web Console that provides a graphic overview of the OSGi framework, including services, bundles, and components. Colors are used to encode the different states. Bundles are shown to be started, stopped, starting, resolved, and installed. Services are shown to be used, looked for, or registered in the air. Components can be seen to be operating or not satisfied. Most objects have a tooltip with extra information and all objects can be clicked upon. Hovering over a bundle or service shows only the conenections to/from the component. The display updates every 5 seconds to provide a continuous view on the operations of the framework it runs on.","groupId":"osgi","md5":"838134A7AFD0159DE990E9CFAA58E658","name":"aQute.xray.plugin","phase":"MASTER","qualifier":"201403241317","revision":"55D5F5F29616F6D69B990875ACB352BE6E286C7A","size":220695,"urls":["http://repo.jpm4j.org/rest/bundle/51C83986E4B06EF1574B84F7/55D5F5F29616F6D69B990875ACB352BE6E286C7A"],"version":"1.7.0.201403241317"
 },{
  "artifactId":"biz.aQute.bnd.annotation","baseline":"2.4.0","bsn":"biz.aQute.bnd.annotation","created":1415029027430,"description":"Contains only the annotations for bnd.","groupId":"osgi","md5":"ADED98805A7455E2BAB7FCD41352DE52","name":"bnd Annotations Library","phase":"MASTER","qualifier":"201411031537","revision":"6084856EF233D617A102B057C1993AA065E5E457","size":62157,"urls":["https://bndtools.ci.cloudbees.com/job/bnd.master/470/artifact/dist/bundles/biz.aQute.bnd.annotation/biz.aQute.bnd.annotation-2.4.0.jar"],"version":"2.4.0.201411031537"
 },{
  "artifactId":"biz.aQute.bndlib","baseline":"2.4.0","bsn":"biz.aQute.bndlib","created":1415028847487,"description":"A Swiss Army Knife for OSGi","groupId":"osgi","md5":"EF69C57DC138808237D3AA3E0798BF7A","name":"bndlib","phase":"MASTER","qualifier":"201411031534","revision":"DE13867E8E5D1F9D6B5AB5CBB16B6CFDBFFDC6D2","size":1981188,"urls":["https://bndtools.ci.cloudbees.com/job/bnd.master/470/artifact/dist/bundles/biz.aQute.bndlib/biz.aQute.bndlib-2.4.0.jar"],"version":"2.4.0.201411031534"
 },{
  "artifactId":"net.sourceforge.htmlunit","baseline":"2.15.0","bsn":"net.sourceforge.htmlunit","created":1401733126231,"description":"A headless browser intended for use in testing web-based applications.","groupId":"osgi","md5":"6EDF572ABBAB4718F1481F7107EDF16F","name":"HtmlUnit","phase":"MASTER","revision":"5C86640778D616531E2BA3D61EB9335EAE1C61A8","size":11066949,"urls":["http://heanet.dl.sourceforge.net/project/htmlunit/htmlunit/2.15/htmlunit-2.15-OSGi.jar"],"version":"2.15.0"
 },{
  "artifactId":"org.apache.felix.configadmin","baseline":"1.8.6","bsn":"org.apache.felix.configadmin","created":1432911948722,"description":"Implementation of the OSGi Configuration Admin Service Specification 1.5","groupId":"org.apache.felix","md5":"C2ED6762071BF6F6A044A12BB8E0AC2A","name":"Apache Felix Configuration Admin Service","phase":"MASTER","revision":"6A5343B840901D33C52B2143437C86AFA57E307F","size":129363,"urls":["http://repo1.maven.org/maven2/org/apache/felix/org.apache.felix.configadmin/1.8.6/org.apache.felix.configadmin-1.8.6.jar"],"version":"1.8.6"
 },{
  "artifactId":"org.apache.felix.eventadmin","baseline":"1.4.2","bsn":"org.apache.felix.eventadmin","created":1410423059606,"description":"This bundle provides an implementation of the OSGi R4 EventAdmin service.","groupId":"org.apache.felix","md5":"237CAD6780BE4DB06F062732CF242465","name":"Apache Felix EventAdmin","phase":"MASTER","revision":"D0FD38D51486F2DC27B6448CD220D84D8EE0FF04","size":93228,"urls":["http://repo1.maven.org/maven2/org/apache/felix/org.apache.felix.eventadmin/1.4.2/org.apache.felix.eventadmin-1.4.2.jar"],"version":"1.4.2"
 },{
  "artifactId":"org.apache.felix.gogo.command","baseline":"0.14.0","bsn":"org.apache.felix.gogo.command","created":1403001360661,"description":"Provides basic shell commands for Gogo.","groupId":"osgi","md5":"01B8199AC0EDE57CF1AB2C498EEDB0E4","name":"Apache Felix Gogo Command","phase":"MASTER","revision":"EA2F734FE7C091207C14D70DA9EBE226F84DAE5A","size":51780,"urls":["http://repo1.maven.org/maven2/org/apache/felix/org.apache.felix.gogo.command/0.14.0/org.apache.felix.gogo.command-0.14.0.jar"],"version":"0.14.0"
 },{
  "artifactId":"org.apache.felix.gogo.runtime","baseline":"0.16.2","bsn":"org.apache.felix.gogo.runtime","created":1425682114413,"description":"Apache Felix Gogo Subproject","groupId":"org.apache.felix","md5":"0A7D8029573E9939A8C79BB458E20BC7","name":"Apache Felix Gogo Runtime","phase":"MASTER","revision":"729FA8EACCF8D39AB5C9D0AA72A81A71A51EEC32","size":125027,"urls":["http://repo1.maven.org/maven2/org/apache/felix/org.apache.felix.gogo.runtime/0.16.2/org.apache.felix.gogo.runtime-0.16.2.jar"],"version":"0.16.2"
 },{
  "artifactId":"org.apache.felix.gogo.shell","baseline":"0.10.0","bsn":"org.apache.felix.gogo.shell","created":1308239433927,"description":"Apache Felix Gogo Subproject","groupId":"org.apache.felix","md5":"08B17E5C600D9BA8690617DBFD8B3DEF","name":"Apache Felix Gogo Shell","phase":"MASTER","revision":"C119EFBA69451B2A3FD708CD775A60013CEA8445","size":49004,"urls":["http://repo1.maven.org/maven2/org/apache/felix/org.apache.felix.gogo.shell/0.10.0/org.apache.felix.gogo.shell-0.10.0.jar","http://repository.springsource.com.s3.amazonaws.com/maven/bundles/external/org/apache/felix/org.apache.felix.gogo.shell/0.10.0/org.apache.felix.gogo.shell-0.10.0.jar"],"version":"0.10.0"
 },{
  "artifactId":"org.apache.felix.http.bundle","baseline":"2.3.0","bsn":"org.apache.felix.http.bundle","created":1402069133397,"description":"Apache Felix is an OSGi implementation.","groupId":"osgi","md5":"7DED0D4E61FCB7D0B653321B6258503A","name":"Apache Felix Http Bundle","phase":"MASTER","revision":"47008D05FC4AA8B9FF3506830F3AA7E4E77D9594","size":1768212,"urls":["http://repo1.maven.org/maven2/org/apache/felix/org.apache.felix.http.bundle/2.3.0/org.apache.felix.http.bundle-2.3.0.jar"],"version":"2.3.0"
 },{
  "artifactId":"org.apache.felix.log","baseline":"1.0.1","bsn":"org.apache.felix.log","created":1301327294568,"description":"A simple implementation of the OSGi R4 Log service.","groupId":"osgi","md5":"7E67807455D93D9A3ABABC28F4BD912E","name":"Apache Felix Log Service","phase":"MASTER","revision":"91D3722321DB098047BC7B7ECB3E080D654A41E6","size":22243,"urls":["https://github.com/bndtools/repo/raw/c42e3916be5eea4666b9b4a5c5ef8f133d3e0aa4/bundles/org.apache.felix.log/org.apache.felix.log-1.0.1.jar"],"version":"1.0.1"
 },{
  "artifactId":"org.apache.felix.metatype","baseline":"1.0.12","bsn":"org.apache.felix.metatype","created":1429057122470,"description":"Implementation of the OSGi Metatype Service Specification 1.2","groupId":"org.apache.felix","md5":"5741C9F0075B5000414266103896576D","name":"Apache Felix Metatype Service","phase":"MASTER","revision":"ADDF69462E5B0C0679E8BE821CBBDA55FE840134","size":73606,"urls":["http://repo1.maven.org/maven2/org/apache/felix/org.apache.felix.metatype/1.0.12/org.apache.felix.metatype-1.0.12.jar"],"version":"1.0.12"
 },{
  "artifactId":"org.apache.felix.scr","baseline":"1.8.2","bsn":"org.apache.felix.scr","created":1390016409295,"description":"Implementation of the Declarative Services specification 1.2","groupId":"org.apache.felix","md5":"CE9DB4E6958CBD7E555CEC48FDCD35FC","name":"Apache Felix Declarative Services","phase":"MASTER","revision":"C3047D56EE57DE0752821FD9C3894DDA664F2E37","size":267629,"urls":["http://repo1.maven.org/maven2/org/apache/felix/org.apache.felix.scr/1.8.2/org.apache.felix.scr-1.8.2.jar"],"version":"1.8.2"
 },{
  "artifactId":"org.apache.felix.webconsole","baseline":"4.2.8","bsn":"org.apache.felix.webconsole","created":1425993131038,"description":"Web Based Management Console for OSGi Frameworks. See        http://felix.apache.org/site/apache-felix-web-console.html for more        information on this bundle.","groupId":"org.apache.felix","md5":"48FBAF8A8A578438B80C75C9019220AF","name":"Apache Felix Web Management Console","phase":"MASTER","revision":"C18DD9450392F99360F80338185CAD2DBCDF3340","size":461642,"urls":["http://repo1.maven.org/maven2/org/apache/felix/org.apache.felix.webconsole/4.2.8/org.apache.felix.webconsole-4.2.8.jar"],"version":"4.2.8"
 },{
  "artifactId":"org.apache.felix.webconsole","baseline":"3.1.8","bsn":"org.apache.felix.webconsole","created":1296547293363,"description":"Web Based Management Console for OSGi Frameworks. See        http://felix.apache.org/site/apache-felix-web-console.html for more        information on this bundle.","groupId":"org.apache.felix","md5":"58308CD65977AFEFCA78C93762E802DF","name":"Apache Felix Web Management Console","phase":"MASTER","revision":"B701F533D20BD5D62A37348B5893C11359FEAEE2","size":637792,"urls":["http://repo1.maven.org/maven2/org/apache/felix/org.apache.felix.webconsole/3.1.8/org.apache.felix.webconsole-3.1.8.jar"],"version":"3.1.8"
 },{
  "artifactId":"org.eclipse.equinox.coordinator","baseline":"1.3.0","bsn":"org.eclipse.equinox.coordinator","created":1419871877000,"groupId":"osgi","md5":"9EF30E4DC9494C99AF703935F79B0651","name":"Coordinator","phase":"MASTER","qualifier":"v20140327-1650","revision":"477104BE72D6737176EAFAE07293A9A69B17A987","size":50071,"urls":["http://repo.jpm4j.org/rest/bundle/524563AFE4B098A2C36C5B28/477104BE72D6737176EAFAE07293A9A69B17A987"],"version":"1.3.0.v20140327-1650"
 },{
  "artifactId":"org.eclipse.osgi","baseline":"3.10.100","bsn":"org.eclipse.osgi","created":1432822508000,"description":"OSGi System Bundle","errors":2,"groupId":"org.eclipse.tycho","md5":"82F5B4D1C10D9F149B58638501345AB6","name":"OSGi System Bundle","phase":"MASTER","qualifier":"v20150521-1310","revision":"E97FE70E3883CEA81913FB768E72D89E8FCEF1FA","size":1303056,"urls":["http://repo1.maven.org/maven2/org/eclipse/tycho/org.eclipse.osgi/3.10.100.v20150521-1310/org.eclipse.osgi-3.10.100.v20150521-1310.jar"],"version":"3.10.100.v20150521-1310"
 },{
  "artifactId":"org.knopflerfish.bundle.useradmin","baseline":"4.1.1","bsn":"org.knopflerfish.bundle.useradmin","created":1433771274000,"description":"User Administration Service","groupId":"osgi","md5":"C50ED0C333E6A463E738F7E43CF6A6F8","name":"UserAdmin","phase":"MASTER","revision":"E55FD8D80746261191D807CCA8954E0E780177D7","size":50025,"urls":["http://repo.jpm4j.org/rest/bundle/524563AFE4B098A2C36C5B28/E55FD8D80746261191D807CCA8954E0E780177D7"],"version":"4.1.1"
 },{
  "artifactId":"osgi.enroute.authenticator.simple.provider","baseline":"1.0.2","bsn":"osgi.enroute.authenticator.simple.provider","created":1436875986542,"description":"An implementation of the Authenticator API based on User Admin.","groupId":"osgi","md5":"1C6A745F9A9373F9E838F52B3A4528DE","name":"osgi.enroute.authenticator.simple.provider","phase":"STAGING","qualifier":"201507141213","revision":"7CF7ACCE6C207EE43E8BECAC23F84E5E15FA714C","size":25466,"urls":["http://repo.jpm4j.org/rest/bundle/524563AFE4B098A2C36C5B28/7CF7ACCE6C207EE43E8BECAC23F84E5E15FA714C"],"version":"1.0.2.201507141213"
 },{
  "artifactId":"osgi.enroute.authorization.simple.provider","baseline":"1.1.0","bsn":"osgi.enroute.authorization.simple.provider","created":1436875987845,"description":"An implementation of the OSGi enRoute Authorization API based on the User Admin roles. For a user, the Authorization object is maintained and then all its roles are treated as permission names. The names may contain the ';' separator for parameters.","groupId":"osgi","md5":"38C86B436FFB27DF26A543CB33444475","name":"osgi.enroute.authorization.simple.provider","phase":"STAGING","qualifier":"201507141213","revision":"F5DF85CE830F70617F623E1A6D6DCB9C09FEFD3B","size":24064,"urls":["http://repo.jpm4j.org/rest/bundle/524563AFE4B098A2C36C5B28/F5DF85CE830F70617F623E1A6D6DCB9C09FEFD3B"],"version":"1.1.0.201507141213"
 },{
  "artifactId":"osgi.enroute.base.api","baseline":"1.6.0","bsn":"osgi.enroute.base.api","created":1437464358884,"description":"enRoute is an OSGi project that creates a runtime environment for developing applications. This bundle provides the base API for this environment. In any enRoute 1.6.0.201507210739 environment you will find implementations for all the contained services. The purpose of this bundle is to be use for compilation, it must not be used in a runtime; in general, providers must carry their service packages.","errors":1,"groupId":"osgi","md5":"1D7BA88D70544105DB70C0915E65979C","name":"osgi.enroute.base.api","phase":"STAGING","qualifier":"201507210739","revision":"7A64B01C2B902DD70E65E42DD226532E25175DA8","size":901162,"urls":["http://repo.jpm4j.org/rest/bundle/524563AFE4B098A2C36C5B28/7A64B01C2B902DD70E65E42DD226532E25175DA8"],"version":"1.6.0.201507210739"
 },{
  "artifactId":"osgi.enroute.base.debug.provider","baseline":"1.1.0","bsn":"osgi.enroute.base.debug.provider","created":1420017697343,"description":"Provides Gogo shell commands that are quite se","groupId":"osgi","md5":"1A9CC4ED9F79E96E69BD3CE2834B92BC","name":"osgi.enroute.base.debug.provider","phase":"MASTER","qualifier":"201412310921","revision":"E8763B63E01C645E9188908FD28C156E95872D4A","size":18695,"urls":["http://repo.jpm4j.org/rest/bundle/524563AFE4B098A2C36C5B28/E8763B63E01C645E9188908FD28C156E95872D4A"],"version":"1.1.0.201412310921"
 },{
  "artifactId":"osgi.enroute.base.guard","baseline":"1.4.0","bsn":"osgi.enroute.base.guard","created":1420575664338,"description":"This bundle contains the information about the needed OSGi enRoute base capabilities.","groupId":"osgi","md5":"26A68E3E9C35227171F4E9DB3F9CCD86","name":"osgi.enroute.base.guard","phase":"MASTER","qualifier":"201501062021","revision":"71B22F36F695B33D052AD264766BA5387F6B2BE1","size":7276,"urls":["http://repo.jpm4j.org/rest/bundle/524563AFE4B098A2C36C5B28/71B22F36F695B33D052AD264766BA5387F6B2BE1"],"version":"1.4.0.201501062021"
 },{
  "artifactId":"osgi.enroute.base.simple.provider","baseline":"1.2.1","bsn":"osgi.enroute.base.simple.provider","created":1436875988954,"description":"A provider of the basic","groupId":"osgi","md5":"C4C0BC4FD764C0894389B56BE41778D0","name":"osgi.enroute.base.simple.provider","phase":"STAGING","qualifier":"201507141213","revision":"002DB1C4344866572148035CE346051D287E2FF9","size":248343,"urls":["http://repo.jpm4j.org/rest/bundle/524563AFE4B098A2C36C5B28/002DB1C4344866572148035CE346051D287E2FF9"],"version":"1.2.1.201507141213"
 },{
  "artifactId":"osgi.enroute.configurer.simple.provider","baseline":"1.2.2","bsn":"osgi.enroute.configurer.simple.provider","created":1437051541660,"description":"This component is an extender that reads the /configuration/configuration.json file and installs the list of maps in there as configuration. The configurer supports a number of features like profiles, macro expansion, binary resource handling, and configuration through system properties. See the readme.md file for more details.","groupId":"osgi","md5":"7B983F0BCFC55E5C1E625F079CD1F054","name":"osgi.enroute.configurer.simple.provider","phase":"STAGING","qualifier":"201507161259","revision":"0F6B4EE917655051466C9277BDD2B8C4980479AD","size":202106,"urls":["http://repo.jpm4j.org/rest/bundle/524563AFE4B098A2C36C5B28/0F6B4EE917655051466C9277BDD2B8C4980479AD"],"version":"1.2.2.201507161259"
 },{
  "artifactId":"osgi.enroute.easse.simple.adapter","baseline":"1.3.1","bsn":"osgi.enroute.easse.simple.adapter","created":1436876000044,"description":"Provides a mapping from Event Admin events to Javascript Server Side Events (SSE). This bundle registers under /sse/1, the remaining path is treated as the topic. It will then send all matching events to the browser through SSE. The type of the event is org.osgi.service.eventadmin;topic=%s, the data payload is a JSON representation of the event properties.","groupId":"osgi","md5":"AFAD787CA63CC3CDC143EF5E569737CD","name":"osgi.enroute.easse.simple.adapter","phase":"STAGING","qualifier":"201507141213","revision":"D29D179B5057A5C486C640A81C4664B27C2BAA09","size":95967,"urls":["http://repo.jpm4j.org/rest/bundle/524563AFE4B098A2C36C5B28/D29D179B5057A5C486C640A81C4664B27C2BAA09"],"version":"1.3.1.201507141213"
 },{
  "artifactId":"osgi.enroute.equinox.log.adapter","baseline":"1.0.1","bsn":"osgi.enroute.equinox.log.adapter","created":1420041061309,"description":"This bundle must be placed on the run path or test path. It will then hide the Equinox Log Service while forwarding all events to all registered Log Services. If not running on Equinox then this bundle does nothing.","groupId":"osgi","md5":"9187F0F129A9C0149677B0FFF1663A90","name":"osgi.enroute.equinox.log.adapter","phase":"MASTER","qualifier":"201412311551","revision":"2426930E3276E6C4D0080AA4557531CC6FF37095","size":8065,"urls":["http://repo.jpm4j.org/rest/bundle/524563AFE4B098A2C36C5B28/2426930E3276E6C4D0080AA4557531CC6FF37095"],"version":"1.0.1.201412311551"
 },{
  "artifactId":"osgi.enroute.github.angular-ui.webresource","baseline":"0.12.1","bsn":"osgi.enroute.github.angular-ui.webresource","created":1436876002568,"description":"Bootstrap components written in pure AngularJS by the AngularUI Team. Native AngularJS (Angular) directives for Bootstrap. Small footprint (5kB gzipped!), no 3rd party JS dependencies (jQuery, bootstrap JS) required!","groupId":"osgi","md5":"2AFB7C2220B46F8A42B053AF7E4728B6","name":"osgi.enroute.github.angular-ui.webresource","phase":"STAGING","qualifier":"201507141213","revision":"90B58A7396DA477A53CF76A8952351F4704E6BD2","size":52338,"urls":["http://repo.jpm4j.org/rest/bundle/524563AFE4B098A2C36C5B28/90B58A7396DA477A53CF76A8952351F4704E6BD2"],"version":"0.12.1.201507141213"
 },{
  "artifactId":"osgi.enroute.google.angular.webresource","baseline":"1.3.9","bsn":"osgi.enroute.google.angular.webresource","created":1436876004381,"description":"HTML is great for declaring static documents, but it falters when we try to use it for declaring dynamic views in web-applications. AngularJS lets you extend HTML vocabulary for your application. The resulting environment is extraordinarily expressive, readable, and quick to develop.","errors":1,"groupId":"osgi","md5":"26C6A30CC0FD9CA617611BB749932DBE","name":"osgi.enroute.google.angular.webresource","phase":"STAGING","qualifier":"201507141213","revision":"BC6BCAC9DE218EB645A81D2F69EA83239E7FFFAA","size":1659858,"urls":["http://repo.jpm4j.org/rest/bundle/524563AFE4B098A2C36C5B28/BC6BCAC9DE218EB645A81D2F69EA83239E7FFFAA"],"version":"1.3.9.201507141213"
 },{
  "artifactId":"osgi.enroute.hamcrest.wrapper","baseline":"1.3.0","bsn":"osgi.enroute.hamcrest.wrapper","created":1438337192573,"groupId":"osgi","md5":"4236B84A38C0D2F4A64A42E5A0B8C7A0","name":"osgi.enroute.hamcrest.wrapper","phase":"STAGING","qualifier":"201507311006","revision":"013EA6B6BD8FC3AA8FBF977C1DF570795A45B3A2","size":303744,"urls":["http://repo.jpm4j.org/rest/bundle/524563AFE4B098A2C36C5B28/013EA6B6BD8FC3AA8FBF977C1DF570795A45B3A2"],"version":"1.3.0.201507311006"
 },{
  "artifactId":"osgi.enroute.iot.circuit.command","baseline":"1.0.1","bsn":"osgi.enroute.iot.circuit.command","created":1437051548703,"description":"Commands for the Circuit Admin. These command can connect, disconnect, and and show information abou the current circuit board.","groupId":"osgi","md5":"3223775EE4077383D3211D47A521CD4B","name":"osgi.enroute.iot.circuit.command","phase":"STAGING","qualifier":"201507161259","revision":"5B87B19A1699EA51AD61631CF6089B2EE6D8A9DD","size":9815,"urls":["http://repo.jpm4j.org/rest/bundle/524563AFE4B098A2C36C5B28/5B87B19A1699EA51AD61631CF6089B2EE6D8A9DD"],"version":"1.0.1.201507161259"
 },{
  "artifactId":"osgi.enroute.iot.circuit.provider","baseline":"2.0.0","bsn":"osgi.enroute.iot.circuit.provider","created":1437051549446,"description":"Implements a Circuit Board for ICs. ICs have inputs and outputs. The Circuit board can fire events to the ICs and ICs can fire events to the board. The board then dispatches the event to the connected inputs.","groupId":"osgi","md5":"75B4673EBE7653D28936ED24E64AF7FD","name":"osgi.enroute.iot.circuit.provider","phase":"STAGING","qualifier":"201507161259","revision":"C5C507B5025E38F335B909920F612CD0899C0199","size":128762,"urls":["http://repo.jpm4j.org/rest/bundle/524563AFE4B098A2C36C5B28/C5C507B5025E38F335B909920F612CD0899C0199"],"version":"2.0.0.201507161259"
 },{
  "artifactId":"osgi.enroute.iot.pi.command","baseline":"1.0.1","bsn":"osgi.enroute.iot.pi.command","created":1437034025416,"description":"Provide Gogo commands for manipulating the Raspberry Pi.","groupId":"osgi","md5":"B3736FA1B04158573693577526301363","name":"osgi.enroute.iot.pi.command","phase":"STAGING","qualifier":"201507160807","revision":"F346DE3536098C2B5314129133782244F0F8082F","size":10717,"urls":["http://repo.jpm4j.org/rest/bundle/524563AFE4B098A2C36C5B28/F346DE3536098C2B5314129133782244F0F8082F"],"version":"1.0.1.201507160807"
 },{
  "artifactId":"osgi.enroute.iot.pi.provider","baseline":"1.0.1","bsn":"osgi.enroute.iot.pi.provider","created":1437034026227,"description":"This bundle wraps Pi4j (http://pi4j.com) that wraps the native code Wiring Pi (http://wiringpi.com). It wraps these libraries to make them OSGi friendly and allow them to work together with the OSGi enRoute IoT circuit library (osgi.enroute.iot.circuit). The bundle will first use Pi4J to detect on what hardware it runs. If it runs on an appropriate type, it will register a component that can be configured with Metatype. The Metatype defines a full blown configuration template for all the Pi's functions. The GPIO's are registered as components for the circuit. Regardless of the success of the configuration, this bundle will also register a GpioController service, which is the main Pi4J class.","groupId":"osgi","md5":"9238950D93B5D706D81EB39AAD0DBBFC","name":"osgi.enroute.iot.pi.provider","phase":"STAGING","qualifier":"201507160807","revision":"F21FD361F9ED6334060129B081148108CBF3F7AA","size":529284,"urls":["http://repo.jpm4j.org/rest/bundle/524563AFE4B098A2C36C5B28/F21FD361F9ED6334060129B081148108CBF3F7AA"],"version":"1.0.1.201507160807"
 },{
  "artifactId":"osgi.enroute.jsonrpc.simple.provider","baseline":"1.1.2","bsn":"osgi.enroute.jsonrpc.simple.provider","created":1436876048018,"description":"A simple implementation of the JSON RPC 2.0 specification. This bundle tracks any JSONRPC services. It assumes all public methods on the implementation class are fair game and maps to them to a JSON RPC endpoint. These methods","groupId":"osgi","md5":"96D70A252756493B8BD22A0C4AA6C7B5","name":"osgi.enroute.jsonrpc.simple.provider","phase":"STAGING","qualifier":"201507141214","revision":"7A385F82C41BEBFD36BBDE51E30A4A12C02172AE","size":103099,"urls":["http://repo.jpm4j.org/rest/bundle/524563AFE4B098A2C36C5B28/7A385F82C41BEBFD36BBDE51E30A4A12C02172AE"],"version":"1.1.2.201507141214"
 },{
  "artifactId":"osgi.enroute.junit.wrapper","baseline":"4.12.0","bsn":"osgi.enroute.junit.wrapper","created":1438336801421,"description":"JUnit is a simple framework to write repeatable tests. It is an instance of the xUnit architecture for unit testing frameworks. This bundle wraps JUnit as is and exports all packages with the bundle version since JUnit has not understood package versioning, nor semantic versioning. We also make imports optional since it has","groupId":"osgi","md5":"F4AF5CDE86E447ED933DA99108EF47A6","name":"osgi.enroute.junit.wrapper","phase":"STAGING","qualifier":"201507311000","revision":"86FB1192BB0914ACEEF49C1197FFB3B128D2AB46","size":316618,"urls":["http://repo.jpm4j.org/rest/bundle/524563AFE4B098A2C36C5B28/86FB1192BB0914ACEEF49C1197FFB3B128D2AB46"],"version":"4.12.0.201507311000"
 },{
  "artifactId":"osgi.enroute.logger.simple.provider","baseline":"1.1.1","bsn":"osgi.enroute.logger.simple.provider","created":1436876050096,"description":"Provides a simple implementation of the OSGi SLF4J bridge, includes shell command","groupId":"osgi","md5":"7D56F028405427D14E847B1000130736","name":"osgi.enroute.logger.simple.provider","phase":"STAGING","qualifier":"201507141214","revision":"2F53418644425B5BE05DDF5763A38AB22D7EFF6B","size":80243,"urls":["http://repo.jpm4j.org/rest/bundle/524563AFE4B098A2C36C5B28/2F53418644425B5BE05DDF5763A38AB22D7EFF6B"],"version":"1.1.1.201507141214"
 },{
  "artifactId":"osgi.enroute.rest.simple.provider","baseline":"2.0.0","bsn":"osgi.enroute.rest.simple.provider","created":1420017745748,"description":"A simple REST endpoint. This service will look for REST services. It then assumes any public method that has an interface that extends RESTRequest as first argument is a rest methd. It makes this method available on its endpoint. The first part of the method name (camel case separated) is the method (get, delete, option, etc). The second part is the name of the","groupId":"osgi","md5":"361C39031890C1217BB9134971B02C9E","name":"osgi.enroute.rest.simple.provider","phase":"MASTER","qualifier":"201412310922","revision":"D06A35C8E86B8A8D5267380DE3936BD5A49ADE96","size":140184,"urls":["http://repo.jpm4j.org/rest/bundle/524563AFE4B098A2C36C5B28/D06A35C8E86B8A8D5267380DE3936BD5A49ADE96"],"version":"2.0.0.201412310922"
 },{
  "artifactId":"osgi.enroute.scheduler.simple.provider","baseline":"1.1.0","bsn":"osgi.enroute.scheduler.simple.provider","created":1436876054657,"description":"This bundle implements a scheduler and some Promise support methods related to time.","groupId":"osgi","md5":"0DFE6CC9F6BBCA8E316074D00151A983","name":"osgi.enroute.scheduler.simple.provider","phase":"STAGING","qualifier":"201507141214","revision":"DAB69AEA82993C0CA9BAFFE1701CD6FD22986624","size":72544,"urls":["http://repo.jpm4j.org/rest/bundle/524563AFE4B098A2C36C5B28/DAB69AEA82993C0CA9BAFFE1701CD6FD22986624"],"version":"1.1.0.201507141214"
 },{
  "artifactId":"osgi.enroute.stackexchange.pagedown.webresource","baseline":"1.1.1","bsn":"osgi.enroute.stackexchange.pagedown.webresource","created":1420017749391,"description":"PageDown is the JavaScript Markdown previewer used on Stack Overflow and the rest of the Stack Exchange network. It includes a Markdown-to-HTML converter and an in-page Markdown editor with live preview. The largest part is based on work by John Fraser, a.k.a. Attacklab. He created the converter under the name Showdown and the editor under the name WMD. See this post on the Stack Exchange blog (http://blog.stackoverflow.com/2008/12/reverse-engineering-the-wmd-editor/) for some historical information.","errors":1,"groupId":"osgi","md5":"D776FB4D66E3E218CD7658FD3A1F65B4","name":"osgi.enroute.stackexchange.pagedown.webresource","phase":"MASTER","qualifier":"201412310922","revision":"5C10B4C6B560B374570D4D7A65133E03A754EF2A","size":73358,"urls":["http://repo.jpm4j.org/rest/bundle/524563AFE4B098A2C36C5B28/5C10B4C6B560B374570D4D7A65133E03A754EF2A"],"version":"1.1.1.201412310922"
 },{
  "artifactId":"osgi.enroute.twitter.bootstrap.webresource","baseline":"3.3.2","bsn":"osgi.enroute.twitter.bootstrap.webresource","created":1436876056298,"description":"Bootstrap: Sleek, intuitive, and powerful front-end framework for faster and easier web development.","groupId":"osgi","md5":"9ACE8652F28D549B274A4E7BF7CF9A64","name":"osgi.enroute.twitter.bootstrap.webresource","phase":"STAGING","qualifier":"201507141214","revision":"7F8FE701E5CECF76329A1450F02C435AB047862F","size":232680,"urls":["http://repo.jpm4j.org/rest/bundle/524563AFE4B098A2C36C5B28/7F8FE701E5CECF76329A1450F02C435AB047862F"],"version":"3.3.2.201507141214"
 },{
  "artifactId":"osgi.enroute.web.simple.provider","baseline":"1.3.2","bsn":"osgi.enroute.web.simple.provider","created":1437468372963,"description":"Provides a simple implementation of the OSGi enRoute webserver with a number of useful filters.","groupId":"osgi","md5":"C4424CA0AB4FF3235F2E4CB689808526","name":"osgi.enroute.web.simple.provider","phase":"STAGING","qualifier":"201507210846","revision":"4A4A478265D8BDA399B93AD04298828AB8F98504","size":120417,"urls":["http://repo.jpm4j.org/rest/bundle/524563AFE4B098A2C36C5B28/4A4A478265D8BDA399B93AD04298828AB8F98504"],"version":"1.3.2.201507210846"
 },{
  "artifactId":"osgi.enroute.websecurity.adapter","baseline":"1.1.2","bsn":"osgi.enroute.websecurity.adapter","created":1436876061391,"description":"Provides a filter that will start a Coordinator","groupId":"osgi","md5":"0EE5172C79682EE18632B1423C1E9AAC","name":"osgi.enroute.websecurity.adapter","phase":"STAGING","qualifier":"201507141214","revision":"1BC6F946577729227D26C099EE6314986D40F150","size":41710,"urls":["http://repo.jpm4j.org/rest/bundle/524563AFE4B098A2C36C5B28/1BC6F946577729227D26C099EE6314986D40F150"],"version":"1.1.2.201507141214"
 }]
}