{
 "revisionRefs":[{
  "artifactId":"aQute.xray.plugin","baseline":"1.7.0","bsn":"aQute.xray.plugin","created":1395667046389,"description":"A plugin for the Apache Felix Webconsole. When installed, this bundle will add a tab on the Web Console that provides a graphic overview of the OSGi framework, including services, bundles, and components. Colors are used to encode the different states. Bundles are shown to be started, stopped, starting, resolved, and installed. Services are shown to be used, looked for, or registered in the air. Components can be seen to be operating or not satisfied. Most objects have a tooltip with extra information and all objects can be clicked upon. Hovering over a bundle or service shows only the conenections to/from the component. The display updates every 5 seconds to provide a continuous view on the operations of the framework it runs on.","groupId":"osgi","md5":"838134A7AFD0159DE990E9CFAA58E658","name":"aQute.xray.plugin","phase":"MASTER","qualifier":"201403241317","revision":"55D5F5F29616F6D69B990875ACB352BE6E286C7A","size":220695,"urls":["http://repo.jpm4j.org/rest/bundle/51C83986E4B06EF1574B84F7/55D5F5F29616F6D69B990875ACB352BE6E286C7A"],"version":"1.7.0.201403241317"
 },{
  "artifactId":"biz.aQute.bnd.annotation","baseline":"2.3.0","bsn":"biz.aQute.bnd.annotation","created":1399702160345,"description":"Contains only the annotations for bnd.","groupId":"osgi","md5":"C69A168F8531323B589DF78523AE3071","name":"bnd Annotations Library","phase":"MASTER","qualifier":"20140510-060920","revision":"6359968E37016DC2686378D029BCA7BFB73E0ABC","size":59221,"urls":["https://bndtools.ci.cloudbees.com/job/bnd.next/552/artifact/dist/bundles/biz.aQute.bnd.annotation/biz.aQute.bnd.annotation-2.3.0.jar","http://repo1.maven.org/maven2/biz/aQute/bnd/annotation/2.3.0/annotation-2.3.0.jar"],"version":"2.3.0.20140510-060920"
 },{
  "artifactId":"biz.aQute.bndlib","baseline":"2.3.0","bsn":"biz.aQute.bndlib","created":1399702031300,"description":"A Swiss Army Knife for OSGi","groupId":"osgi","md5":"E5080DFF30BFBADD1DAFC523CBAE2881","name":"bndlib","phase":"MASTER","qualifier":"201405100607","revision":"73AED9875D5981CFD38D88345103D126BA91C32C","size":1785847,"urls":["http://repo1.maven.org/maven2/biz/aQute/bnd/bndlib/2.3.0/bndlib-2.3.0.jar","https://bndtools.ci.cloudbees.com/job/bnd.next/552/artifact/dist/bundles/biz.aQute.bndlib/biz.aQute.bndlib-2.3.0.jar"],"version":"2.3.0.201405100607"
 },{
  "artifactId":"org.apache.felix.configadmin","baseline":"1.8.0","bsn":"org.apache.felix.configadmin","created":1380118750200,"description":"Implementation of the OSGi Configuration Admin Service Specification 1.5","groupId":"org.apache.felix","md5":"E474E8963CD0823700DE862DFF2C41B1","name":"Apache Felix Configuration Admin Service","phase":"MASTER","revision":"A3D2427029DABC22F29DD4CFF508481621F2C94D","size":116382,"urls":["http://repo1.maven.org/maven2/org/apache/felix/org.apache.felix.configadmin/1.8.0/org.apache.felix.configadmin-1.8.0.jar"],"version":"1.8.0"
 },{
  "artifactId":"org.apache.felix.eventadmin","baseline":"1.3.2","bsn":"org.apache.felix.eventadmin","created":1349073346464,"description":"This bundle provides an implementation of the OSGi R4 EventAdmin service.","groupId":"org.apache.felix","md5":"BF6DE1323C4AC4A253FFBE33293E0E2E","name":"Apache Felix EventAdmin","phase":"MASTER","revision":"2E6EB30259CCC3A7E2FCFEA757899781012DAB13","size":216530,"urls":["http://repo1.maven.org/maven2/org/apache/felix/org.apache.felix.eventadmin/1.3.2/org.apache.felix.eventadmin-1.3.2.jar"],"version":"1.3.2"
 },{
  "artifactId":"org.apache.felix.gogo.command","baseline":"0.14.0","bsn":"org.apache.felix.gogo.command","created":1403001360661,"description":"Provides basic shell commands for Gogo.","groupId":"osgi","md5":"01B8199AC0EDE57CF1AB2C498EEDB0E4","name":"Apache Felix Gogo Command","phase":"MASTER","revision":"EA2F734FE7C091207C14D70DA9EBE226F84DAE5A","size":51780,"urls":["http://repo1.maven.org/maven2/org/apache/felix/org.apache.felix.gogo.command/0.14.0/org.apache.felix.gogo.command-0.14.0.jar"],"version":"0.14.0"
 },{
  "artifactId":"org.apache.felix.gogo.runtime","baseline":"0.12.1","bsn":"org.apache.felix.gogo.runtime","created":1402736621821,"description":"Apache Felix Gogo Subproject","groupId":"osgi","md5":"FBC643D29AB34FB24735BB42A660A239","name":"Apache Felix Gogo Runtime","phase":"MASTER","revision":"AD169BF113ECC0BDDAA91AFD9749591AB98FAD4D","size":67933,"urls":["http://repo1.maven.org/maven2/org/apache/felix/org.apache.felix.gogo.runtime/0.12.1/org.apache.felix.gogo.runtime-0.12.1.jar"],"version":"0.12.1"
 },{
  "artifactId":"org.apache.felix.gogo.shell","baseline":"0.10.0","bsn":"org.apache.felix.gogo.shell","created":1308239433927,"description":"Apache Felix Gogo Subproject","groupId":"org.apache.felix","md5":"08B17E5C600D9BA8690617DBFD8B3DEF","name":"Apache Felix Gogo Shell","phase":"STAGING","revision":"C119EFBA69451B2A3FD708CD775A60013CEA8445","size":49004,"urls":["http://repo1.maven.org/maven2/org/apache/felix/org.apache.felix.gogo.shell/0.10.0/org.apache.felix.gogo.shell-0.10.0.jar","http://repository.springsource.com.s3.amazonaws.com/maven/bundles/external/org/apache/felix/org.apache.felix.gogo.shell/0.10.0/org.apache.felix.gogo.shell-0.10.0.jar"],"version":"0.10.0"
 },{
  "artifactId":"org.apache.felix.http.bundle","baseline":"2.3.0","bsn":"org.apache.felix.http.bundle","created":1402069133397,"description":"Apache Felix is an OSGi implementation.","groupId":"osgi","md5":"7DED0D4E61FCB7D0B653321B6258503A","name":"Apache Felix Http Bundle","phase":"MASTER","revision":"47008D05FC4AA8B9FF3506830F3AA7E4E77D9594","size":1768212,"urls":["http://repo1.maven.org/maven2/org/apache/felix/org.apache.felix.http.bundle/2.3.0/org.apache.felix.http.bundle-2.3.0.jar"],"version":"2.3.0"
 },{
  "artifactId":"org.apache.felix.log","baseline":"1.0.1","bsn":"org.apache.felix.log","created":1301327294568,"description":"A simple implementation of the OSGi R4 Log service.","groupId":"osgi","md5":"7E67807455D93D9A3ABABC28F4BD912E","name":"Apache Felix Log Service","phase":"MASTER","revision":"91D3722321DB098047BC7B7ECB3E080D654A41E6","size":22243,"urls":["https://github.com/bndtools/repo/raw/c42e3916be5eea4666b9b4a5c5ef8f133d3e0aa4/bundles/org.apache.felix.log/org.apache.felix.log-1.0.1.jar"],"version":"1.0.1"
 },{
  "artifactId":"org.apache.felix.metatype","baseline":"1.0.10","bsn":"org.apache.felix.metatype","created":1389797132731,"description":"Implementation of the OSGi Metatype Service Specification 1.2","groupId":"org.apache.felix","md5":"8D310E12E6D1F349ACEDFF848EE3276E","name":"Apache Felix Metatype Service","phase":"MASTER","revision":"4F18DEB1B76DC211111C1B0D28208E2E7D3FAF3E","size":72532,"urls":["http://repo1.maven.org/maven2/org/apache/felix/org.apache.felix.metatype/1.0.10/org.apache.felix.metatype-1.0.10.jar"],"version":"1.0.10"
 },{
  "artifactId":"org.apache.felix.scr","baseline":"1.8.2","bsn":"org.apache.felix.scr","created":1390016409295,"description":"Implementation of the Declarative Services specification 1.2","groupId":"org.apache.felix","md5":"CE9DB4E6958CBD7E555CEC48FDCD35FC","name":"Apache Felix Declarative Services","phase":"MASTER","revision":"C3047D56EE57DE0752821FD9C3894DDA664F2E37","size":267629,"urls":["http://repo1.maven.org/maven2/org/apache/felix/org.apache.felix.scr/1.8.2/org.apache.felix.scr-1.8.2.jar"],"version":"1.8.2"
 },{
  "artifactId":"org.apache.felix.webconsole","baseline":"3.1.8","bsn":"org.apache.felix.webconsole","created":1296547293363,"description":"Web Based Management Console for OSGi Frameworks. See        http://felix.apache.org/site/apache-felix-web-console.html for more        information on this bundle.","groupId":"org.apache.felix","md5":"58308CD65977AFEFCA78C93762E802DF","name":"Apache Felix Web Management Console","phase":"MASTER","revision":"B701F533D20BD5D62A37348B5893C11359FEAEE2","size":637792,"urls":["http://repo1.maven.org/maven2/org/apache/felix/org.apache.felix.webconsole/3.1.8/org.apache.felix.webconsole-3.1.8.jar"],"version":"3.1.8"
 },{
  "artifactId":"org.eclipse.equinox.coordinator","baseline":"1.2.0","bsn":"org.eclipse.equinox.coordinator","created":1380890059465,"groupId":"osgi","md5":"60FC735D13A32FFA33D1C5C45BD97FF6","name":"Coordinator","phase":"MASTER","qualifier":"v20130327-1442","revision":"FCCAEB3CB1621356B4C87F3965B442677CFCEC83","size":51046,"urls":["https://github.com/bndtools/bundle-hub/raw/master/org.eclipse.equinox.coordinator/org.eclipse.equinox.coordinator-1.2.0.jar"],"version":"1.2.0.v20130327-1442"
 },{
  "artifactId":"org.eclipse.osgi","baseline":"3.10.1","bsn":"org.eclipse.osgi","created":1413549505000,"description":"OSGi System Bundle","errors":1,"groupId":"osgi","md5":"07E3C874013C7228107C5E0F61A942F5","name":"OSGi System Bundle","phase":"STAGING","qualifier":"v20140909-1633","revision":"E6A47E8E3EDAF8B3CF74A1D5540A9C91369FB28A","size":1263643,"urls":["http://repo.jpm4j.org/rest/bundle/524563AFE4B098A2C36C5B28/E6A47E8E3EDAF8B3CF74A1D5540A9C91369FB28A"],"version":"3.10.1.v20140909-1633"
 },{
  "artifactId":"org.knopflerfish.bundle.useradmin","baseline":"4.1.0","bsn":"org.knopflerfish.bundle.useradmin","created":1397753413000,"description":"User Administration Service","groupId":"osgi","md5":"61FC67DDA0C74C3E746982E10A64D6E7","name":"UserAdmin","phase":"STAGING","revision":"FD0F5D0A7DDC4181B33F110994D3F7C4E29E4ABD","size":50030,"urls":["http://repo.jpm4j.org/rest/bundle/5252D0ABE4B03EF9C1D756B8/FD0F5D0A7DDC4181B33F110994D3F7C4E29E4ABD"],"version":"4.1.0"
 },{
  "artifactId":"osgi.enroute.authenticator.simple.provider","baseline":"1.0.0","bsn":"osgi.enroute.authenticator.simple.provider","created":1413820401041,"description":"An implementation of the Authenticator API based on User Admin.","groupId":"osgi","md5":"7FE2D0107A6EBA430DB7EB4048B54534","name":"osgi.enroute.authenticator.simple.provider","phase":"MASTER","qualifier":"201410201553","revision":"5D6C8BC0C42980B234DD0629BCD1F7039B609227","size":24823,"urls":["http://repo.jpm4j.org/rest/bundle/524563AFE4B098A2C36C5B28/5D6C8BC0C42980B234DD0629BCD1F7039B609227"],"version":"1.0.0.201410201553"
 },{
  "artifactId":"osgi.enroute.authorization.simple.provider","baseline":"1.0.0","bsn":"osgi.enroute.authorization.simple.provider","created":1413820401384,"description":"An implementation of the OSGi enRoute Authorization API based on the User Admin roles. For a user, the Authorization object is maintained and then all its roles are treated as permission names. The names may contain the ';' separator for parameters.","groupId":"osgi","md5":"858AC7FF70112E61FC78EF4052707532","name":"osgi.enroute.authorization.simple.provider","phase":"MASTER","qualifier":"201410201553","revision":"05A630B219CE715384814EE53D8A22A5CF02CB6C","size":19124,"urls":["http://repo.jpm4j.org/rest/bundle/524563AFE4B098A2C36C5B28/05A630B219CE715384814EE53D8A22A5CF02CB6C"],"version":"1.0.0.201410201553"
 },{
  "artifactId":"osgi.enroute.base.api","baseline":"1.1.0","bsn":"osgi.enroute.base.api","created":1413806732722,"description":"enRoute is an OSGi project that creates a runtime environment for developing applications. This bundle provides the base API for this environment. In any enRoute 1.1.0.201410201205 environment you will find implementations for all the contained services. The purpose of this bundle is to be use for compilation, it must not be used in a runtime; in general, providers must carry their service packages.","errors":1,"groupId":"osgi","md5":"BA9341A830B7D20990180513A0B0ECBE","name":"osgi.enroute.base.api","phase":"STAGING","qualifier":"201410201205","revision":"3784375DBA6B68FEF27DB8000E4ADD9AE3067414","size":1078174,"urls":["http://repo.jpm4j.org/rest/bundle/524563AFE4B098A2C36C5B28/3784375DBA6B68FEF27DB8000E4ADD9AE3067414"],"version":"1.1.0.201410201205"
 },{
  "artifactId":"osgi.enroute.base.debug.provider","baseline":"1.0.0","bsn":"osgi.enroute.base.debug.provider","created":1413831662432,"description":"Provides Gogo shell commands that are quite se","groupId":"osgi","md5":"09E10778C8982E0896FEE0838FCD02BA","name":"osgi.enroute.base.debug.provider","phase":"MASTER","qualifier":"201410201901","revision":"E1FE50EE6D2820F3142DE57CAA09D411A0AA34FC","size":16395,"urls":["http://repo.jpm4j.org/rest/bundle/524563AFE4B098A2C36C5B28/E1FE50EE6D2820F3142DE57CAA09D411A0AA34FC"],"version":"1.0.0.201410201901"
 },{
  "artifactId":"osgi.enroute.base.simple.provider","baseline":"1.0.0","bsn":"osgi.enroute.base.simple.provider","created":1413820401859,"description":"A provider of the basic","groupId":"osgi","md5":"F2618622BD25FA04600757709EBA4ED0","name":"osgi.enroute.base.simple.provider","phase":"MASTER","qualifier":"201410201553","revision":"B31CAD5A2F9CA3B59572218DFADFBC91AD6AF55C","size":149447,"urls":["http://repo.jpm4j.org/rest/bundle/524563AFE4B098A2C36C5B28/B31CAD5A2F9CA3B59572218DFADFBC91AD6AF55C"],"version":"1.0.0.201410201553"
 },{
  "artifactId":"osgi.enroute.base.test","baseline":"1.0.0","bsn":"osgi.enroute.base.test","created":1413820402234,"description":"This bundle tests all the bundles for enRoute in this repository.","groupId":"osgi","md5":"1B89BFE22823E5BD218A3862023751E7","name":"osgi.enroute.base.test","phase":"MASTER","qualifier":"201410201553","revision":"ED90E005C3350FFBAFF5405601030B0C500714C5","size":28590,"urls":["http://repo.jpm4j.org/rest/bundle/524563AFE4B098A2C36C5B28/ED90E005C3350FFBAFF5405601030B0C500714C5"],"version":"1.0.0.201410201553"
 },{
  "artifactId":"osgi.enroute.configurer.simple.provider","baseline":"1.0.0","bsn":"osgi.enroute.configurer.simple.provider","created":1413820402597,"description":"This component is an extender that reads the /configuration/configuration.json file and installs the list of maps in there as configuration. The configurer supports a number of features like profiles, macro expansion, binary resource handling, and configuration through system properties. See the readme.md file for more details.","groupId":"osgi","md5":"0C7AD6B565FFEF073F121177B1C49041","name":"osgi.enroute.configurer.simple.provider","phase":"MASTER","qualifier":"201410201553","revision":"2C8481005747DF2E870391D4E7F222424C8EF89B","size":189585,"urls":["http://repo.jpm4j.org/rest/bundle/524563AFE4B098A2C36C5B28/2C8481005747DF2E870391D4E7F222424C8EF89B"],"version":"1.0.0.201410201553"
 },{
  "artifactId":"osgi.enroute.easse.simple.adapter","baseline":"1.0.0","bsn":"osgi.enroute.easse.simple.adapter","created":1413820402958,"description":"Provides a mapping from Event Admin events to Javascript Server Side Events (SSE). This bundle registers under /sse/1, the remaining path is treated as the topic. It will then send all matching events to the browser through SSE. The type of the event is org.osgi.service.eventadmin;topic=%s, the data payload is a JSON representation of the event properties.","groupId":"osgi","md5":"96556DB26C99A151A0ECB7B7B0A51493","name":"osgi.enroute.easse.simple.adapter","phase":"MASTER","qualifier":"201410201553","revision":"B6DE57994B1798D7003F253C6CA6C26467E6C971","size":88387,"urls":["http://repo.jpm4j.org/rest/bundle/524563AFE4B098A2C36C5B28/B6DE57994B1798D7003F253C6CA6C26467E6C971"],"version":"1.0.0.201410201553"
 },{
  "artifactId":"osgi.enroute.github.angular-ui.webresource","baseline":"0.11.2","bsn":"osgi.enroute.github.angular-ui.webresource","created":1413821591075,"description":"Bootstrap components written in pure AngularJS by the AngularUI Team. Native AngularJS (Angular) directives for Bootstrap. Small footprint (5kB gzipped!), no 3rd party JS dependencies (jQuery, bootstrap JS) required!","groupId":"osgi","md5":"FC64DD16381085A191E05867204EDF40","name":"osgi.enroute.github.angular-ui.webresource","phase":"MASTER","qualifier":"201410201613","revision":"E750F0E60A958F8ADD58B4434663299C09F80921","size":51853,"urls":["http://repo.jpm4j.org/rest/bundle/524563AFE4B098A2C36C5B28/E750F0E60A958F8ADD58B4434663299C09F80921"],"version":"0.11.2.201410201613"
 },{
  "artifactId":"osgi.enroute.google.angular.webresource","baseline":"1.3.0","bsn":"osgi.enroute.google.angular.webresource","created":1413820015408,"description":"HTML is great for declaring static documents, but it falters when we try to use it for declaring dynamic views in web-applications. AngularJS lets you extend HTML vocabulary for your application. The resulting environment is extraordinarily expressive, readable, and quick to develop.","errors":1,"groupId":"osgi","md5":"E7613942EFE20F31E023569D668A48F5","name":"osgi.enroute.google.angular.webresource","phase":"MASTER","qualifier":"201410201546","revision":"D785E447189A31F7D3BCE65AA833B088CFBDA517","size":1621797,"urls":["http://repo.jpm4j.org/rest/bundle/524563AFE4B098A2C36C5B28/D785E447189A31F7D3BCE65AA833B088CFBDA517"],"version":"1.3.0.201410201546"
 },{
  "artifactId":"osgi.enroute.jsonrpc.simple.provider","baseline":"1.0.0","bsn":"osgi.enroute.jsonrpc.simple.provider","created":1413820403321,"description":"A simple implementation of the JSON RPC 2.0 specification. This bundle tracks any JSONRPC services. It assumes all public methods on the implementation class are fair game and maps to them to a JSON RPC endpoint. These methods","groupId":"osgi","md5":"DB693172AF458A763BA75A5233098367","name":"osgi.enroute.jsonrpc.simple.provider","phase":"MASTER","qualifier":"201410201553","revision":"D0636E37012C40E50CEC3408ED37BB59754F8BFC","size":94749,"urls":["http://repo.jpm4j.org/rest/bundle/524563AFE4B098A2C36C5B28/D0636E37012C40E50CEC3408ED37BB59754F8BFC"],"version":"1.0.0.201410201553"
 },{
  "artifactId":"osgi.enroute.logger.simple.provider","baseline":"1.0.2","bsn":"osgi.enroute.logger.simple.provider","created":1413833434027,"description":"Provides a simple implementation of the OSGi SLF4J bridge, includes shell command","groupId":"osgi","md5":"B335397B7A94495CC25CA23AB5E8815C","name":"osgi.enroute.logger.simple.provider","phase":"STAGING","qualifier":"201410201930","revision":"9DA7354AD5E32E8FA9AF1254D8B6AC2CE39199C0","size":79797,"urls":["http://repo.jpm4j.org/rest/bundle/524563AFE4B098A2C36C5B28/9DA7354AD5E32E8FA9AF1254D8B6AC2CE39199C0"],"version":"1.0.2.201410201930"
 },{
  "artifactId":"osgi.enroute.rest.simple.provider","baseline":"1.0.0","bsn":"osgi.enroute.rest.simple.provider","created":1413820404122,"description":"A simple REST endpoint. This service will look for REST services. It then assumes any public method that has an interface that extends RESTRequest as first argument is a rest methd. It makes this method available on its endpoint. The first part of the method name (camel case separated) is the method (get, delete, option, etc). The second part is the name of the","groupId":"osgi","md5":"43598E714E434C44A3618C80D5760D84","name":"osgi.enroute.rest.simple.provider","phase":"MASTER","qualifier":"201410201553","revision":"89FFD171AF46D657747C2F3C223E1F4CEAA53B0A","size":135654,"urls":["http://repo.jpm4j.org/rest/bundle/524563AFE4B098A2C36C5B28/89FFD171AF46D657747C2F3C223E1F4CEAA53B0A"],"version":"1.0.0.201410201553"
 },{
  "artifactId":"osgi.enroute.twitter.bootstrap.webresource","baseline":"3.2.0","bsn":"osgi.enroute.twitter.bootstrap.webresource","created":1413820016890,"description":"Bootstrap: Sleek, intuitive, and powerful front-end framework for faster and easier web development.","groupId":"osgi","md5":"EE58336E82C9F08665366E95B0A0B92C","name":"osgi.enroute.twitter.bootstrap.webresource","phase":"MASTER","qualifier":"201410201546","revision":"704058D089F925BA564627929A80765FBD67A9D8","size":205916,"urls":["http://repo.jpm4j.org/rest/bundle/524563AFE4B098A2C36C5B28/704058D089F925BA564627929A80765FBD67A9D8"],"version":"3.2.0.201410201546"
 },{
  "artifactId":"osgi.enroute.web.simple.provider","baseline":"1.0.2","bsn":"osgi.enroute.web.simple.provider","created":1414071209734,"description":"Provides a simple implementation of the OSGi enRoute webserver with a number of useful filters.","groupId":"osgi","md5":"6D72E76899B3BD0E02BDE996FC9F8C6D","name":"osgi.enroute.web.simple.provider","phase":"STAGING","qualifier":"201410231333","revision":"A1E2B0A69DA0EBE7B64B244C51533B97FCC9A985","size":90773,"urls":["http://repo.jpm4j.org/rest/bundle/524563AFE4B098A2C36C5B28/A1E2B0A69DA0EBE7B64B244C51533B97FCC9A985"],"version":"1.0.2.201410231333"
 },{
  "artifactId":"osgi.enroute.websecurity.adapter","baseline":"1.0.0","bsn":"osgi.enroute.websecurity.adapter","created":1413820404814,"description":"Provides a filter that will start a Coordinator","groupId":"osgi","md5":"DFF26AE50BE8CF380AA5FE64C5A73DFB","name":"osgi.enroute.websecurity.adapter","phase":"MASTER","qualifier":"201410201553","revision":"0E7709A3731AEF867BB7B1ECE7D8F99C098CA4C8","size":40338,"urls":["http://repo.jpm4j.org/rest/bundle/524563AFE4B098A2C36C5B28/0E7709A3731AEF867BB7B1ECE7D8F99C098CA4C8"],"version":"1.0.0.201410201553"
 }]
}