{
 "recurse":false,"revisionRefs":[{
  "artifactId":"aQute.xray.plugin","baseline":"1.7.0","bsn":"aQute.xray.plugin","created":1395667046389,"description":"A plugin for the Apache Felix Webconsole. When installed, this bundle will add a tab on the Web Console that provides a graphic overview of the OSGi framework, including services, bundles, and components. Colors are used to encode the different states. Bundles are shown to be started, stopped, starting, resolved, and installed. Services are shown to be used, looked for, or registered in the air. Components can be seen to be operating or not satisfied. Most objects have a tooltip with extra information and all objects can be clicked upon. Hovering over a bundle or service shows only the conenections to/from the component. The display updates every 5 seconds to provide a continuous view on the operations of the framework it runs on.","groupId":"osgi","md5":"838134A7AFD0159DE990E9CFAA58E658","name":"aQute.xray.plugin","phase":"MASTER","qualifier":"201403241317","revision":"55D5F5F29616F6D69B990875ACB352BE6E286C7A","size":220695,"urls":["http://repo.jpm4j.org/rest/bundle/51C83986E4B06EF1574B84F7/55D5F5F29616F6D69B990875ACB352BE6E286C7A"],"version":"1.7.0.201403241317"
 },{
  "artifactId":"biz.aQute.bnd.annotation","baseline":"2.3.0","bsn":"biz.aQute.bnd.annotation","created":1397217627023,"description":"Contains only the annotations for bnd.","groupId":"osgi","md5":"A8B83C6750340736E39340506B08779F","name":"bnd Annotations Library","phase":"STAGING","qualifier":"20140411-120027","revision":"DD5651C2589DD2A360DBC91DC2416E87C12DB7CF","size":59184,"urls":["https://bndtools.ci.cloudbees.com/job/bnd.master/231/artifact/dist/bundles/biz.aQute.bnd.annotation/biz.aQute.bnd.annotation-2.3.0.jar"],"version":"2.3.0.20140411-120027"
 },{
  "artifactId":"commons-fileupload","baseline":"1.3.1","bsn":"org.apache.commons.fileupload","created":1391706206354,"description":"The Apache Commons FileUpload component provides a simple yet flexible means of adding support for multipart    file upload functionality to servlets and web applications.","groupId":"commons-fileupload","md5":"ED8EEC445E21EC7E49B86BF3CBCFFCBC","name":"Apache Commons FileUpload","phase":"MASTER","revision":"C621B54583719AC0310404463D6D99DB27E1052C","size":69002,"urls":["http://repo1.maven.org/maven2/commons-fileupload/commons-fileupload/1.3.1/commons-fileupload-1.3.1.jar"],"version":"1.3.1"
 },{
  "artifactId":"commons-io","baseline":"2.4.0","bsn":"org.apache.commons.io","created":1339539506978,"description":"The Commons IO library contains utility classes, stream implementations, file filters, file comparators, endian transformation classes, and much more.","groupId":"commons-io","md5":"7F97854DC04C119D461FED14F5D8BB96","name":"Commons IO","phase":"MASTER","revision":"B1B6EA3B7E4AA4F492509A4952029CD8E48019AD","size":185140,"urls":["http://repo1.maven.org/maven2/commons-io/commons-io/2.4/commons-io-2.4.jar"],"version":"2.4"
 },{
  "artifactId":"org.apache.felix.configadmin","baseline":"1.8.0","bsn":"org.apache.felix.configadmin","created":1380118750200,"description":"Implementation of the OSGi Configuration Admin Service Specification 1.5","groupId":"org.apache.felix","md5":"E474E8963CD0823700DE862DFF2C41B1","name":"Apache Felix Configuration Admin Service","phase":"MASTER","revision":"A3D2427029DABC22F29DD4CFF508481621F2C94D","size":116382,"urls":["http://repo1.maven.org/maven2/org/apache/felix/org.apache.felix.configadmin/1.8.0/org.apache.felix.configadmin-1.8.0.jar"],"version":"1.8.0"
 },{
  "artifactId":"org.apache.felix.eventadmin","baseline":"1.3.2","bsn":"org.apache.felix.eventadmin","created":1349073346464,"description":"This bundle provides an implementation of the OSGi R4 EventAdmin service.","groupId":"org.apache.felix","md5":"BF6DE1323C4AC4A253FFBE33293E0E2E","name":"Apache Felix EventAdmin","phase":"MASTER","revision":"2E6EB30259CCC3A7E2FCFEA757899781012DAB13","size":216530,"urls":["http://repo1.maven.org/maven2/org/apache/felix/org.apache.felix.eventadmin/1.3.2/org.apache.felix.eventadmin-1.3.2.jar"],"version":"1.3.2"
 },{
  "artifactId":"org.apache.felix.gogo.command","baseline":"0.12.0","bsn":"org.apache.felix.gogo.command","created":1316705309811,"description":"Provides basic shell commands for Gogo.","groupId":"org.apache.felix","md5":"64FB71B7A19CC766819C7A0DC2E9B2D5","name":"Apache Felix Gogo Command","phase":"MASTER","revision":"4D7FBB5A56B37C5EA63D05577742CF2941B7C648","size":51746,"urls":["http://repo1.maven.org/maven2/org/apache/felix/org.apache.felix.gogo.command/0.12.0/org.apache.felix.gogo.command-0.12.0.jar"],"version":"0.12.0"
 },{
  "artifactId":"org.apache.felix.gogo.commands","baseline":"0.4.0","bsn":"org.apache.felix.gogo.commands","created":1272566151910,"description":"Apache Felix Gogo Shell","groupId":"org.apache.felix.gogo","md5":"EC7DCEAAF99AC77E3F986ACBE7BD4C68","name":"Apache Felix Gogo Shell Commands","phase":"MASTER","revision":"604C24AF4C5A57276DE57999D122ED0AF1752845","size":28381,"urls":["http://repo1.maven.org/maven2/org/apache/felix/gogo/org.apache.felix.gogo.commands/0.4.0/org.apache.felix.gogo.commands-0.4.0.jar"],"version":"0.4.0"
 },{
  "artifactId":"org.apache.felix.gogo.runtime","baseline":"0.12.0","bsn":"org.apache.felix.gogo.runtime","created":1394072085386,"description":"Apache Felix Gogo Subproject","groupId":"osgi","md5":"64A3A3CA7E260186C86B56C0EF4269F1","name":"Apache Felix Gogo Runtime","phase":"MASTER","revision":"C7D5749671B313CC9881FE6D7BAFDA8CFEBC83FA","size":67862,"urls":["http://repo1.maven.org/maven2/org/apache/felix/org.apache.felix.gogo.runtime/0.12.0/org.apache.felix.gogo.runtime-0.12.0.jar"],"version":"0.12.0"
 },{
  "artifactId":"org.apache.felix.gogo.shell","baseline":"0.10.0","bsn":"org.apache.felix.gogo.shell","created":1308239433927,"description":"Apache Felix Gogo Subproject","groupId":"org.apache.felix","md5":"08B17E5C600D9BA8690617DBFD8B3DEF","name":"Apache Felix Gogo Shell","phase":"STAGING","revision":"C119EFBA69451B2A3FD708CD775A60013CEA8445","size":49004,"urls":["http://repo1.maven.org/maven2/org/apache/felix/org.apache.felix.gogo.shell/0.10.0/org.apache.felix.gogo.shell-0.10.0.jar","http://repository.springsource.com.s3.amazonaws.com/maven/bundles/external/org/apache/felix/org.apache.felix.gogo.shell/0.10.0/org.apache.felix.gogo.shell-0.10.0.jar"],"version":"0.10.0"
 },{
  "artifactId":"org.apache.felix.http.jetty","baseline":"2.2.2","bsn":"org.apache.felix.http.jetty","created":1386080823435,"description":"Apache Felix is an OSGi implementation.","groupId":"org.apache.felix","md5":"738F49FF1B952110726BA99D7E6F85C3","name":"Apache Felix Http Jetty","phase":"MASTER","revision":"66F05113DEB305BE8AD1B80C538AD526CFC66A9C","size":1335137,"urls":["http://repo1.maven.org/maven2/org/apache/felix/org.apache.felix.http.jetty/2.2.2/org.apache.felix.http.jetty-2.2.2.jar"],"version":"2.2.2"
 },{
  "artifactId":"org.apache.felix.log","baseline":"1.0.1","bsn":"org.apache.felix.log","created":1301327294568,"description":"A simple implementation of the OSGi R4 Log service.","groupId":"osgi","md5":"7E67807455D93D9A3ABABC28F4BD912E","name":"Apache Felix Log Service","phase":"MASTER","revision":"91D3722321DB098047BC7B7ECB3E080D654A41E6","size":22243,"urls":["https://github.com/bndtools/repo/raw/c42e3916be5eea4666b9b4a5c5ef8f133d3e0aa4/bundles/org.apache.felix.log/org.apache.felix.log-1.0.1.jar"],"version":"1.0.1"
 },{
  "artifactId":"org.apache.felix.metatype","baseline":"1.0.10","bsn":"org.apache.felix.metatype","created":1389797132731,"description":"Implementation of the OSGi Metatype Service Specification 1.2","groupId":"org.apache.felix","md5":"8D310E12E6D1F349ACEDFF848EE3276E","name":"Apache Felix Metatype Service","phase":"MASTER","revision":"4F18DEB1B76DC211111C1B0D28208E2E7D3FAF3E","size":72532,"urls":["http://repo1.maven.org/maven2/org/apache/felix/org.apache.felix.metatype/1.0.10/org.apache.felix.metatype-1.0.10.jar"],"version":"1.0.10"
 },{
  "artifactId":"org.apache.felix.scr","baseline":"1.8.2","bsn":"org.apache.felix.scr","created":1390016409295,"description":"Implementation of the Declarative Services specification 1.2","groupId":"org.apache.felix","md5":"CE9DB4E6958CBD7E555CEC48FDCD35FC","name":"Apache Felix Declarative Services","phase":"MASTER","revision":"C3047D56EE57DE0752821FD9C3894DDA664F2E37","size":267629,"urls":["http://repo1.maven.org/maven2/org/apache/felix/org.apache.felix.scr/1.8.2/org.apache.felix.scr-1.8.2.jar"],"version":"1.8.2"
 },{
  "artifactId":"org.apache.felix.webconsole","baseline":"3.1.8","bsn":"org.apache.felix.webconsole","created":1296547293363,"description":"Web Based Management Console for OSGi Frameworks. See        http://felix.apache.org/site/apache-felix-web-console.html for more        information on this bundle.","groupId":"org.apache.felix","md5":"58308CD65977AFEFCA78C93762E802DF","name":"Apache Felix Web Management Console","phase":"MASTER","revision":"B701F533D20BD5D62A37348B5893C11359FEAEE2","size":637792,"urls":["http://repo1.maven.org/maven2/org/apache/felix/org.apache.felix.webconsole/3.1.8/org.apache.felix.webconsole-3.1.8.jar"],"version":"3.1.8"
 },{
  "artifactId":"org.eclipse.equinox.coordinator","baseline":"1.2.0","bsn":"org.eclipse.equinox.coordinator","created":1380890059465,"groupId":"osgi","md5":"60FC735D13A32FFA33D1C5C45BD97FF6","name":"Coordinator","phase":"STAGING","qualifier":"v20130327-1442","revision":"FCCAEB3CB1621356B4C87F3965B442677CFCEC83","size":51046,"urls":["https://github.com/bndtools/bundle-hub/raw/master/org.eclipse.equinox.coordinator/org.eclipse.equinox.coordinator-1.2.0.jar"],"version":"1.2.0.v20130327-1442"
 },{
  "artifactId":"org.eclipse.osgi","baseline":"3.9.1","bsn":"org.eclipse.osgi","created":1381988299000,"description":"OSGi System Bundle","groupId":"org.eclipse.birt.runtime","md5":"C9E8FE51244F8A2767834916ECFF24B5","name":"OSGi System Bundle","phase":"MASTER","qualifier":"v20130814-1242","revision":"CD3F11BD163003F0883AA53F029810AFC41E9035","size":1390592,"urls":["http://repo1.maven.org/maven2/org/eclipse/birt/runtime/org.eclipse.osgi/3.9.1.v20130814-1242/org.eclipse.osgi-3.9.1.v20130814-1242.jar"],"version":"3.9.1.v20130814-1242"
 },{
  "artifactId":"org.knopflerfish.bundle.useradmin","baseline":"4.1.0","bsn":"org.knopflerfish.bundle.useradmin","created":1397753413000,"description":"User Administration Service","groupId":"osgi","md5":"61FC67DDA0C74C3E746982E10A64D6E7","name":"UserAdmin","phase":"STAGING","revision":"FD0F5D0A7DDC4181B33F110994D3F7C4E29E4ABD","size":50030,"urls":["http://repo.jpm4j.org/rest/bundle/5252D0ABE4B03EF9C1D756B8/FD0F5D0A7DDC4181B33F110994D3F7C4E29E4ABD"],"version":"4.1.0"
 },{
  "artifactId":"osgi.authenticator.provider","baseline":"1.0.0","bsn":"osgi.authenticator.provider","created":1396536925338,"description":"An Authenticator service that uses UserAdmin and a hash to authenticate a user.A strong hash with configurable salt and iteration is stored in the credentials of the User. Additionally, the authenticator provides a number of commands to create users and set passwords.","groupId":"osgi","md5":"156BB4B475750F1E55A55CFC777F7474","name":"osgi.authenticator.provider","phase":"STAGING","qualifier":"201404031455","revision":"6F9BF68DBDBEE96127888B2C4D53FEE1535E6187","size":24584,"urls":["http://repo.jpm4j.org/rest/bundle/5252D0ABE4B03EF9C1D756B8/6F9BF68DBDBEE96127888B2C4D53FEE1535E6187"],"version":"1.0.0.201404031455"
 },{
  "artifactId":"osgi.authorization.provider","baseline":"1.0.0","bsn":"osgi.authorization.provider","created":1396536925639,"description":"An Authority service that uses UserAdmin to provide the permissions.","groupId":"osgi","md5":"F6FE1FBDA40DF7FFF4B5E4A394395126","name":"osgi.authorization.provider","phase":"STAGING","qualifier":"201404031455","revision":"81E8873595AC10EEC21708B257DC3C53EB62C324","size":18123,"urls":["http://repo.jpm4j.org/rest/bundle/5252D0ABE4B03EF9C1D756B8/81E8873595AC10EEC21708B257DC3C53EB62C324"],"version":"1.0.0.201404031455"
 },{
  "artifactId":"osgi.base.debug.provider","baseline":"1.0.0","bsn":"osgi.base.debug.provider","created":1397752780395,"groupId":"osgi","md5":"303348AB2B864EEFE620B162130B4504","name":"osgi.base.debug.provider","phase":"STAGING","qualifier":"201404171639","revision":"85E4E233826363F79B1EC1D328E01B43BD5225BA","size":15653,"urls":["http://repo.jpm4j.org/rest/bundle/5252D0ABE4B03EF9C1D756B8/85E4E233826363F79B1EC1D328E01B43BD5225BA"],"version":"1.0.0.201404171639"
 },{
  "artifactId":"osgi.base.provider","baseline":"1.0.0","bsn":"osgi.base.provider","created":1397811652940,"description":"Provides a java.util.Timer and java.util.concurrent.Executor service.Sharing timers and executors can make the overall system more performant and reduce memory consumption. Since these services are based on JRE classes/interfaces this bundle has no additional dependencies.","groupId":"osgi","md5":"BF6362FDF17D5847BA7668D795A4F146","name":"osgi.base.provider","phase":"STAGING","qualifier":"201404180900","revision":"E7F5E3C15F848B5CB47B11D089501E0467DAE7D1","size":141489,"urls":["http://repo.jpm4j.org/rest/bundle/5252D0ABE4B03EF9C1D756B8/E7F5E3C15F848B5CB47B11D089501E0467DAE7D1"],"version":"1.0.0.201404180900"
 },{
  "artifactId":"osgi.configurer.provider","baseline":"1.0.0","bsn":"osgi.configurer.provider","created":1397753014707,"description":"This component is an extender that reads the /configuration/configuration.json file and installs the list of maps in there as configuration. The configurer supports a number of features like profiles, macro expansion, binary resource handling, and configuration through system properties. See the readme.md file for more details.","groupId":"osgi","md5":"9D1AC793CEFD98BCEF4FD63A98357A91","name":"osgi.configurer.provider","phase":"STAGING","qualifier":"201404171643","revision":"B75B3DB25977D44B1172BCB6CE9E2339C66E5D71","size":189056,"urls":["http://repo.jpm4j.org/rest/bundle/5252D0ABE4B03EF9C1D756B8/B75B3DB25977D44B1172BCB6CE9E2339C66E5D71"],"version":"1.0.0.201404171643"
 },{
  "artifactId":"osgi.enroute.base.api","baseline":"1.0.0","bsn":"osgi.enroute.base.api","created":1395497434224,"description":"enRoute is an OSGi project that creates a runtime environment for developing applications. This bundle provides the base API for this environment. In any enRoute 1.0.0.201403221410 environment you will find implementations for all the contained services. The purpose of this bundle is to be use for compilation, it must not be used in a runtime; in general, providers must carry their service packages.","groupId":"osgi","md5":"A80B0FB8A1FC50F535BBC4098C8FB9C7","name":"osgi.enroute.base.api","phase":"STAGING","qualifier":"201403221410","revision":"63E12C2E296CEF0FD80B812176E8DF42A48B7805","size":654463,"urls":["http://repo.jpm4j.org/rest/bundle/5252D0ABE4B03EF9C1D756B8/63E12C2E296CEF0FD80B812176E8DF42A48B7805"],"version":"1.0.0.201403221410"
 },{
  "artifactId":"osgi.enroute.testing.support","baseline":"1.0.0","bsn":"osgi.enroute.testing.support","created":1401460009273,"description":"A bundle providing support for OSGi testing. This bundle contains JUnit 4, Mockito and support for OSGi testing based on bnd. The purpose of this bundle is to be used on the test path. For a launcher, it should be included on the launch class path. With the bnd launcher, this exports should be added to the system packages.","groupId":"osgi","md5":"4F91778645FBD14F8C194A9CC44D7F4F","name":"osgi.enroute.testing.support","phase":"STAGING","qualifier":"201405301426","revision":"754CDEAAF29B8976D02659AE634EC8C9890B7773","size":2846491,"urls":["http://repo.jpm4j.org/rest/bundle/5252D0ABE4B03EF9C1D756B8/754CDEAAF29B8976D02659AE634EC8C9890B7773"],"version":"1.0.0.201405301426"
 },{
  "artifactId":"osgi.logger.provider","baseline":"1.0.0","bsn":"osgi.logger.provider","created":1397752966783,"groupId":"osgi","md5":"C5A3AEEB35DD385FA09B42C0F7AD1CEF","name":"osgi.logger.provider","phase":"STAGING","qualifier":"201404171642","revision":"14FF54CBF2F7981E546C5C61414CF64E50B57C6A","size":120879,"urls":["http://repo.jpm4j.org/rest/bundle/5252D0ABE4B03EF9C1D756B8/14FF54CBF2F7981E546C5C61414CF64E50B57C6A"],"version":"1.0.0.201404171642"
 }]
}